{
  "locations": [
    {
      "id": "1",
      "name": "A113 Transitional Housing",
      "city": "Santa Monica",
      "state": "CA",
      "photo": "https://angular.io/assets/images/tutorials/faa/brandon-griggs-wR11KBaB86U-unsplash.jpg",
      "availableUnits": 0,
      "wifi": false,
      "laundry": true
    },
    {
      "id": "2",
      "name": "Warm Beds Housing Support",
      "city": "Juneau",
      "state": "AK",
      "photo": "https://angular.io/assets/images/tutorials/faa/i-do-nothing-but-love-lAyXdl1-Wmc-unsplash.jpg",
      "availableUnits": 1,
      "wifi": false,
      "laundry": false
    },
    {
      "id": "814d",
      "name": "Kutub Uddin khan",
      "city": "dhaka",
      "state": "bd",
      "photo": "itfgyikhgujfhjuy",
      "availableUnits": "55",
      "wifi": false,
      "laundry": true
    }
  ]
}