{
  "user": [
    {
      "id": "1",
      "name": "Kutub Uddin",
      "email": "kutub@gmail.com",
      "password": "000000",
      "photo": "https://i.postimg.cc/fLBf6HkV/1683291521920-copy-300x300.jpg "
    },
    {
      "id": "7da1",
      "name": "Kutub Uddin",
      "email": "mdkutuddin1787@gmail.com",
      "password": "000000",
      "photo": "https://i.postimg.cc/fLBf6HkV/1683291521920-copy-300x300.jpg"
    }
  ],
  "policy": [
    {
      "id": "0",
      "billNo": 1,
      "date": "2024-07-24",
      "bankName": "Islami Bank Bangladesh PLC, Baliakandi Sub-Branch, Rajbari",
      "policyholder": "M/s Bulbul Enterprise, Prop: Rokibul Islam",
      "address": "Narua Road, Narua Bazar, Baliakandi, RAJBARI",
      "sumInsured": 2000000,
      "stockInsured": "Onion, Garlic & Seasonal Crops (Without Jute)",
      "interestInsured": "Fire &/or Lightning only",
      "usedAs": "Shop-Cum-Godown Only"
    },
    {
      "id": "3878",
      "billNo": 111,
      "date": "2024-08-01",
      "bankName": "Brack Bank PLC,dhaka branch",
      "policyholder": "M/s Sanaullah agro firm , prop: Sanaullah chowdhory  ",
      "address": "Dhanmondi",
      "sumInsured": 50000,
      "stockInsured": "Onion, Garlic & Seasonal Crops (Without Jute)",
      "interestInsured": "Fire &/or Lightning only",
      "usedAs": "Shop-Cum-Godown Only"
    },
    {
      "id": "b5d1",
      "billNo": 11,
      "date": "2024-07-28",
      "bankName": "Brack Bank PLC,dhaka branch",
      "policyholder": "M/s Raju Food Corner , Prop: Md. Raju Chowdhury  ",
      "address": "lalbagh",
      "sumInsured": 20000000,
      "stockInsured": "jut only",
      "interestInsured": "Shop only",
      "usedAs": "Shop"
    },
    {
      "id": "913a",
      "billNo": 5,
      "date": "2024-08-01",
      "bankName": "Islami Bank Bangladesh PLC, Baliakandi Sub-Branch, Rajbari",
      "policyholder": "M/s Mr Ahmed Enterprise  , Prop: Md. Raju Chowdhury  ",
      "address": "lalbagh",
      "sumInsured": 5000,
      "stockInsured": "Fish",
      "interestInsured": "Goodwin",
      "usedAs": "Shop-Cum-Godown Only"
    }
  ],
  "bills": [
    {
      "id": "ded4",
      "fire": 0.2,
      "rsd": 0.2,
      "netPremium": 500,
      "tax": 0.15,
      "grossPremium": 20000,
      "policies": {
        "id": "0",
        "billNo": 0,
        "date": "01-JUL-24",
        "bankName": "Islami Bank Bangladesh PLC, Baliakandi Sub-Branch, Rajbari",
        "policyholder": "M/s Bulbul Enterprise, Prop: Rokibul Islam",
        "address": "Narua Road, Narua Bazar, Baliakandi, RAJBARI",
        "sumInsured": 2200000,
        "stockInsured": "Onion, Garlic & Seasonal Crops (Without Jute)",
        "interestInsured": "Fire &/or Lightning only",
        "usedAs": "Shop-Cum-Godown Only"
      }
    },
    {
      "id": "581f",
      "fire": 0.1,
      "rsd": 0.1,
      "tax": 0.1,
      "policies": {
        "id": "3878",
        "billNo": 111,
        "date": "2024-08-01",
        "bankName": "Brack Bank PLC,dhaka branch",
        "policyholder": "M/s Sanaullah agro firm , prop: Sanaullah chowdhory  ",
        "address": "Dhanmondi",
        "sumInsured": 50000,
        "stockInsured": "Onion, Garlic & Seasonal Crops (Without Jute)",
        "interestInsured": "Fire &/or Lightning only",
        "usedAs": "Shop-Cum-Godown Only"
      }
    },
    {
      "id": "7337",
      "fire": 0.1,
      "rsd": 0.1,
      "tax": 0.1,
      "policies": {
        "id": "b5d1",
        "billNo": 11,
        "date": "2024-07-28",
        "bankName": "Brack Bank PLC,dhaka branch",
        "policyholder": "M/s Raju Food Corner , Prop: Md. Raju Chowdhury  ",
        "address": "lalbagh",
        "sumInsured": 20000000,
        "stockInsured": "jut only",
        "interestInsured": "Shop only",
        "usedAs": "Shop"
      }
    },
    {
      "id": "9c12",
      "fire": 2,
      "rsd": 10,
      "tax": 20,
      "policies": {
        "id": "0",
        "billNo": 1,
        "date": "2024-07-24",
        "bankName": "Islami Bank Bangladesh PLC, Baliakandi Sub-Branch, Rajbari",
        "policyholder": "M/s Bulbul Enterprise, Prop: Rokibul Islam",
        "address": "Narua Road, Narua Bazar, Baliakandi, RAJBARI",
        "sumInsured": 2000000,
        "stockInsured": "Onion, Garlic & Seasonal Crops (Without Jute)",
        "interestInsured": "Fire &/or Lightning only",
        "usedAs": "Shop-Cum-Godown Only"
      }
    },
    {
      "id": "09ae",
      "fire": 10,
      "rsd": 10,
      "tax": 10,
      "policies": {
        "id": "0",
        "billNo": 1,
        "date": "2024-07-24",
        "bankName": "Islami Bank Bangladesh PLC, Baliakandi Sub-Branch, Rajbari",
        "policyholder": "M/s Bulbul Enterprise, Prop: Rokibul Islam",
        "address": "Narua Road, Narua Bazar, Baliakandi, RAJBARI",
        "sumInsured": 2000000,
        "stockInsured": "Onion, Garlic & Seasonal Crops (Without Jute)",
        "interestInsured": "Fire &/or Lightning only",
        "usedAs": "Shop-Cum-Godown Only"
      }
    },
    {
      "id": "c9ec",
      "fire": 10,
      "rsd": 10,
      "tax": 10,
      "policies": {
        "id": "913a",
        "billNo": 5,
        "date": "2024-08-01",
        "bankName": "Islami Bank Bangladesh PLC, Baliakandi Sub-Branch, Rajbari",
        "policyholder": "M/s Mr Ahmed Enterprise  , Prop: Md. Raju Chowdhury  ",
        "address": "lalbagh",
        "sumInsured": 5000,
        "stockInsured": "Fish",
        "interestInsured": "Goodwin",
        "usedAs": "Shop-Cum-Godown Only"
      }
    }
  ],
  "reciept": [
    {
      "id": "1",
      "totalPremium": 500000,
      "bill": {
        "id": "ded4",
        "fire": 0.2,
        "rsd": 0.2,
        "netPremium": 500,
        "tax": 0.15,
        "grossPremium": 20000,
        "policies": {
          "id": "0",
          "billNo": 0,
          "date": "01-JUL-24",
          "bankName": "Islami Bank Bangladesh PLC, Baliakandi Sub-Branch, Rajbari",
          "policyholder": "M/s Bulbul Enterprise, Prop: Rokibul Islam",
          "address": "Narua Road, Narua Bazar, Baliakandi, RAJBARI",
          "sumInsured": 2200000,
          "stockInsured": "Onion, Garlic & Seasonal Crops (Without Jute)",
          "interestInsured": "Fire &/or Lightning only",
          "usedAs": "Shop-Cum-Godown Only"
        }
      }
    }
  ]
}